sha256	bytes	path
deeb1df9a150d38f7e1c3e163d581887b956ad58d863634bac3a822f5193222c	1169	README.md
8bfcd724b6d62018c8e49d65baf595ca8b43409d8cceed76691c8cdd46233909	66631	client/11929-035b5fb7ef1f-ab5cffff3717.compiled.js
234aa946ccc3c00ab21f39c9259410376e7a359e12b32256378f8f4b4e7f8b94	5673	client/144-2be6e75dccad-d438fefdc30c.compiled.js
57680c2690f342d8264e49493435032409baaa6c787952d4b8375fe704aa7e8a	13421	client/16733-80d4c9c95af6-0ae4472df7bc.compiled.js
682bbe2c09fc17635f481cddd3d858caddcf2aaa91063765f806d29e96586e81	8495	client/22508-d056c20d157f-c732817b0c82.compiled.js
e44498aa8f8b14a153e57afed8e7c1581b49dfd06cb22d97371bb1eb9be27827	6351	client/22774-ea24cbbb7ed1-f968dc9fd5a2.compiled.js
f145be476f68d86ea5dfea42beb3e9de0f52c8557cb5f0fe7761e5bd0b786622	4881	client/2606-fec21fad98a7-81e3254e3655.compiled.js
020d72a92f874738c985a257a6433daa1a589bfb7a42c660aaa295c8e711be53	6008	client/30919-60525866d9c0-3decc9ecb8ee.compiled.js
2de209189badb8c5e4fd62085c543b244fc8399debd2cfe33685d595244d8083	6745	client/31109-ac404b7fda40-60eacadcd362.compiled.js
2dda7e36053f089706f4ef1e82831e849a2aa4ea051ed9e8e36b72469b8a9157	12516	client/34516-8f2d0c33ee55-6d9bd1b4e808.compiled.js
8896874c362064c9af1ac7e833a448b7e453e2e873f5c4eb78d88067e29b4d89	1578	client/40531-2ea2e0d08aaa-4af797aec736.compiled.js
233f5af287652940ace32b7befda752a8748bf857601b3a21a22ebdebd20e7fe	687	client/41290-82dd00740b47-dec7a076dec4.compiled.js
19d633f024d59ab8910cafe3726702d756d3f0d47ad48f5f04e03925d9691a44	5285	client/42997-72a56f5febb4-97ed0b4022f1.compiled.js
5278d25e74caf5362142589143266cbcb5529e66498e88998eaf3553213bb81c	1764	client/46228-d8d33d3e8948-2feeadbb4e8f.compiled.js
4b99f58b9e424536b820217a345cc27633f843afcc802c632523a9e7e30823cc	5764	client/50472-58ff24a456dc-3f5e9c3dff2e.compiled.js
71ae44b9ca3fce822452152dee91625e4b908f21b546cd865aa159e109e50ba0	6417	client/50831-57a1555d119d-a503d5cadae4.compiled.js
f87323acebf3ba32236756e2b124d3354c73e125f852785b101f5f9df76ddbb6	7223	client/51232-083517a22bb2-f0a590574376.compiled.js
6616fd6c1aa45dd8fb746f8fff75e21d20e4c2ab9da3e7cc595760cd52974bf6	16859	client/52725-7afe30ec6785-b7358bde6807.compiled.js
bdaff632d9a9ce850c7cc2da1ac6e5514f22d7e3761d081d2adeaeeefead8d1a	25105	client/56005-251b1307e8d2-0725551ea7c0.compiled.js
b5616c1f870e39015dc32816e67205751158eeab65faf1a496a9f2c6936f0485	2852	client/57644-9bfd34ba46fa-9b234bed7e01.compiled.js
47380c0b0bd798551a0b6d59d3dd9d97746845e7de7b71ac596f1f812e0a1e62	5608	client/59009-c020ebda0953-9e63376707b0.compiled.js
4a206c2a8c7f2152bca53b2b16887c36791bdaeef3c7ada242d15610ef7ffcdd	5272	client/61971-4a38175f9dd8-2e1ee07d5afd.compiled.js
c397aa2444eaffdcf065a69005559942645f35979b0fcb6f7a956a7479dddc21	8827	client/63411-4e84a20141d9-384e35bbc2b5.compiled.js
c30c9924f14595a4f9f0925b04adf3d698e4e0f4159d8b57f697e1700b4fbbf1	15053	client/63438-22d1a5a014fc-f57284502f5b.compiled.js
7cea815c0fc279daed88626313b613a9373017e4db5a01818d56593cfeedf191	5332	client/63478-45e3a9df58c1-943e4a02e19e.compiled.js
6db05de36527bb926cbe8f41f2bca3cc78bdc27927588b5ea217abc1fefdb711	3169	client/6535-fe0757bf2a93-0d3a2f1e2880.compiled.js
b57bd3374f4708cd83907544bccfad7177e131ff74919dabe1122567088be3ab	5835	client/68639-a519fe9bc4b4-4e89872a4230.compiled.js
c146601385f27dfb826e9ddf02f386e166b71609012a790b63e489bcfb084355	2954	client/76946-c76b9ade2741-477111e3c2f2.compiled.js
aa8619be0137014f93e256253eb08c72c29623c68ce85fe1c10fb52a15fd0655	4173	client/78153-ab90208d87a6-3652fba83944.compiled.js
34f81114f70ab3eca01781ba6333b5a036454d7e11dacaaf7ffb5e66c75e9305	6280	client/84354-51b1285a5296-e24b8fab92e1.compiled.js
a9760b251276e46f3b2660f7ea17aea60deeabb3c976d674039593cb4d66eee4	32805	client/85463-dd76918ba2e4-9a7e297d453d.compiled.js
659ef074bd0f717420e92168ff75e0de5014d2d1d7c25a8a0d35e6b7d9e26d39	10106	client/85647-4d501a5680b4-605fa29347be.compiled.js
05489d81d64885b214ce3957bb752cd0571b47a989916f17b1d2a89afe4d05a2	26299	client/86764-b53d505d4c0a-80b49d2ab9d5.compiled.js
02fe8238bbafd5402580cda3a4022076bb901c3d9a1cb487363d0f24fb830246	11023	client/92436-8aec8daf1e20-fe5656402eee.compiled.js
729a011578b9ec94e0f5122ee0e74f588313cfe60e928377f156f3c2b6ec5e63	20058	client/92850-98c44b096b39-bc4c150a9539.compiled.js
34fd251611ba58fecc8f72255e50141421daf28f02ae9665af570ea752f5153c	14769	client/97494-365368542ecd-9a55ef676f51.compiled.js
2eca0b8605bb063d83c04e59d1517c1bbf53334ef696a7a043dda14242eb803e	11531	client/98348-4dfa67fc113c-e3812aa758a6.compiled.js
61dc6926d2faaffad5af19c80e9b37d55455fc262e7983d3cfe6d93f11fa1498	1058	client/98536-5004e7152841-8e7a56617610.compiled.js
6e628e71c65fc61b9af239a0712d228941485a5a3f76572c7a60d46b9c2d6f4f	387636	manifest.json
d3bd98c6ea7939bd919685415e1659076a7f7cceb77c2cf97e4c8a8e8e17b1bc	10865	server/12029-c26465075df3-fb2ceeedff42.compiled.js
2320205afaca7a75289be133495c29b76f46c761d22a2203bc2c8cc6d751f45d	10204	server/12620-be90b2aa4083-acd0dc25f15f.compiled.js
4d69e29795c7aa90135bcceec25a56dfa8a953ed932a0d947a178002271d99e7	12020	server/17346-576550cfc616-8c58c5faf644.compiled.js
6327672c90912a3d468a7c3b1911510dd62dd2df4c62c7820266a461f6a42ad8	10320	server/18752-49698d609bec-53ce806a3ba3.compiled.js
2927ef5e0e1fb90fb50fa9f710809226650b23c6078d2f59f52623c0e9371e83	9177	server/21088-e48443b3b80a-8e2347f4babb.compiled.js
81971d712314ca917337522fd2c2993f3599dc20c97d347cd084569c2dad4f63	10681	server/23821-be2e84212887-c10020ebdf53.compiled.js
dd15b5f44ed089d691a0a57360de8b9cd479d6f89ca6a830bfe8fc0dc9930a82	11055	server/25687-6ff2b0ef9ee3-0c1114c938ee.compiled.js
5bfb2cb1bd8128286782c5dab664db62b3919153d3ace0b9c5170a00911a252f	11830	server/27449-47339a0d26c3-2bc8dcbb9e67.compiled.js
816d9cd35c854a5a0422e5ea6a51e892e2940fab78d90345fa2afc7ae81a22bf	9985	server/30745-c6c7f4c05ddd-8beb470b4b81.compiled.js
fccffe03c8d39aa433dabb638c4b9a68edcde4547f33f06977c25599cc9e5a99	9932	server/34881-82bc2e2db9b7-9ee10c7dc5d2.compiled.js
03b6a2183094617de97ae62137f12c093b5c52cf22efa9182cb8b10efaea60f8	11469	server/37964-b1d31fda0925-8c4d79c14ba5.compiled.js
3b82a343f82cf25ba9f95aa5e596299d6dc32c538bb9090703ed9346054d390c	10733	server/38908-fa2a83e252c5-f6d215e3bc83.compiled.js
bb001e64b527f3364ba63779e16ab8c12c8b5357b871896b4cf0797543ce3901	10034	server/39830-3080300ca47d-43efc623ea40.compiled.js
cb013c05a846b8c91d48f5ab722574fdd11e568c3ab2fa43f829676dc6549ed0	11800	server/4072-82a133a03c4c-96036afb67ad.compiled.js
edc8ac3a755b8aaeefae072a82a22035e711834085b070407504034d93cf63f3	11314	server/43061-0e41069590d5-713f88b516df.compiled.js
08b31fa3665fbb7e14e4d3de78dce95a2544c7faeb92e142ae6eba7160b53d3b	11546	server/43889-bd502d531d1a-4be41927669e.compiled.js
5716151d5a56427e53d21f9ad8c191346e3f331288cd5accbde863ced826b993	10454	server/49844-1a8cba8c48c3-09ebf132f82d.compiled.js
48bbb70b134425c46caece2352e08c87c92a10a2e82ccee451ab968ac3d3c77b	13105	server/50067-5d9dc1a30963-4e50e87fc844.compiled.js
fb3c2d6bf2c1fb66f27fc320425772a7e64f7dd1f75a9cbc10355b8ba07a2fbb	12084	server/52427-700340d4b6d9-3748aed319e2.compiled.js
d1c9d131563437fa59285b273713598f78bc380c25d89a782e4556f269194043	10946	server/53769-b9290500c297-8e35c73d9ff4.compiled.js
71224205c2eea12d4f882c901dba8e5731665b60392e84611776d7ef86c95d4d	10134	server/54477-e20d810b3a2b-d33c2c85bc5d.compiled.js
1dd5bc77495a418bdabf744e9fb9c19fb98697cd60b1a3c07c1a52632be421c7	10950	server/5847-51cf2cb09d38-0993a3b0067f.compiled.js
fe2c33578ab845db93e5388af9e34cb56f70bdda4c613240cd40b64c44693cce	11720	server/61646-b730889aeb05-cba5c9a9c2eb.compiled.js
45a1380a9eb5a5a9ad01c187684210a119543dcd20826b8a076c80b2da9f59df	10223	server/6530-15c0c68f0029-f33cf567e52d.compiled.js
0d763d06dea5eed2cc0c1cdf7f240ba2abe25570510cf8bb669c7f725a765fa7	10894	server/67218-58b145690665-7e8e85b975a9.compiled.js
0565897f2eefb33cd421a39d067903b407c7bdd59d5b72c8b2dbb5ccc24aad0c	10763	server/67412-55e46a1f4df4-9011b628d988.compiled.js
139d5a520ce27f80fc1e30ba54a413185dcf113f7832846ede4fadfe990801f3	12220	server/68251-ada197e49c46-3e1b12fd3724.compiled.js
78281af9188bee8fb903cd23f0dbed08da805ab7a0d11ff6c778ab33a3e92c2c	10000	server/69626-2843cdf0a570-a2a23340011f.compiled.js
c8e8e7433b56780b05b5aea2788f657cd3be8469bfc8abc1f5b0739ef5067a8c	10996	server/71714-d29ca251ee2f-bd5fdc0d41f1.compiled.js
d9bc2b07869194ce932c790f3ee1486e5a8133472d8ccd794a14e6bcb45c3917	12377	server/73509-d8aa528f9bcd-a23765643bf6.compiled.js
0b27cf76181aa88757b91ed9c50d58b2ba52bee156c670d0254bd889c034f1ff	15115	server/74249-d52522f8508b-c8717f186fda.compiled.js
ebec358460a8ac6347e3059d18c490c4710d570701107690d7d5d7c23b3841e8	9545	server/75950-695c81bb3265-da6b8dcee823.compiled.js
64898ec432001733c29358011ed784eb81b784d38f014319e6d400f761452bf0	11457	server/81504-4728169f7c77-5dbee72bd87c.compiled.js
8b0e21d30f9074b9ef9d964186caf6185333d1010e5e2721327406fcfff48614	10362	server/82387-9c7b28b5af8a-32b6db12cabd.compiled.js
7b2cf379d50c570091c19fce47088ce87d73d514fad10eb25b323262311f8609	9049	server/82567-f9c9ee46e7a5-9232735b4858.compiled.js
8e9ded6e08f94c31d447f15e8ae80e69be103ab82fda06be772a6915a8f0b814	11704	server/82850-7060a85d37b7-e7eec5829048.compiled.js
d5e670d7d4e20e7aeaa866ba2812ecc9f919a372a433ab4c518edf4574b53ba0	10590	server/82895-e64b3dd177f8-1470e75e912a.compiled.js
dc3eb48f67cd2691aeb1bbcb9bc74ae5df7833d12040cacc0c733ef2c983f5f3	9248	server/83444-e27f730b9936-9236ebaa780f.compiled.js
afb7dbdda4695cc7e89c9f3fc827d165e060ce6cded70b5e643d4d4089b72065	10622	server/84229-583f0145e1fc-62dd2c375bd3.compiled.js
eadf4eed0d4aebb347079cd1e0429bcd2620779b883d80ae2437afe2ffa20726	15326	server/85801-b3ab0ef8d4fa-8f56c0ace7f5.compiled.js
6f13ed1bdcce5df4c04d24dbf3ee6600c751ff4b231de8752c5d1d742d1a528e	12043	server/90717-673d308edc0e-a5fd0674a3f3.compiled.js
351f039aa8e1e142567356a4555ce2daa7dd5275738e2af8ff94047fd946a507	12118	server/938-b53518a18a7a-8c3e9963454f.compiled.js
4dea8de6cff105474fefc72ba5a9f33b9e549d3856cbd88a07c387bc66fc0ae7	13846	server/96242-8918486dc03e-94a46bac3f15.compiled.js
