rel_path	size	mtime_ns	sha256
.env.example	299	1776760393932022592	
.serena/project.yml	9325	1777813676348638365	
Readme.md	7579	1764095441287176132	
app/(site)/checkout/checkout-client.tsx	39879	1780506900241650856	
app/(site)/checkout/layout.tsx	413	1776760437079144328	
app/(site)/checkout/loading.tsx	1410	1770944387387850014	
app/(site)/checkout/page.tsx	454	1776781565079550857	
app/(site)/delivery-returns/page.tsx	164	1781022857206559409	
app/(site)/homepage-client.tsx	4337	1782237243955155169	
app/(site)/landing-client.tsx	19276	1781981920025723399	
app/(site)/layout.tsx	3286	1781233999040495039	
app/(site)/page.tsx	2013	1780972654847202571	
app/(site)/pages/[slug]/page.tsx	2748	1781375424187532390	
app/(site)/policy-page-renderer.tsx	12961	1781022844021225622	
app/(site)/privacy/page.tsx	153	1781022861823410311	
app/(site)/products/[slug]/loading.tsx	2787	1770944371307904288	
app/(site)/products/[slug]/page.tsx	16421	1782041267058839191	
app/(site)/products/loading.tsx	1925	1771625988677974837	
app/(site)/products/page.tsx	11483	1782297567095025282	
app/(site)/refund/page.tsx	151	1781022857390907236	
app/(site)/terms/page.tsx	143	1781022857242627462	
app/(site)/thank-you/layout.tsx	402	1776760443750971393	
app/(site)/thank-you/page.tsx	2586	1780506513978016307	
app/(site)/thank-you/thank-you-client.tsx	16350	1780506590045997624	
app/admin/(dashboard)/analytics/page.tsx	4335	1770688618456347656	
app/admin/(dashboard)/content/blocks/[id]/page.tsx	18159	1781143473122752349	
app/admin/(dashboard)/content/blocks/new/page.tsx	13540	1781143438943082095	
app/admin/(dashboard)/content/blocks/page.tsx	9311	1781143503811758675	
app/admin/(dashboard)/content/layout.tsx	119	1770667845706979203	
app/admin/(dashboard)/content/page.tsx	7173	1770847292691188338	
app/admin/(dashboard)/content/pages/[id]/page.tsx	35035	1776781709279525347	
app/admin/(dashboard)/content/pages/new/page.tsx	7834	1770992894947863828	
app/admin/(dashboard)/content/pages/page.tsx	5506	1770688150995353868	
app/admin/(dashboard)/content/products/[id]/page.tsx	49898	1771609913881328682	
app/admin/(dashboard)/content/products/new/page.tsx	22764	1771609945909094469	
app/admin/(dashboard)/content/products/page.tsx	7337	1771610517388973096	
app/admin/(dashboard)/coupons/[id]/page.tsx	8373	1770690795518262958	
app/admin/(dashboard)/coupons/new/page.tsx	6590	1770690766146462865	
app/admin/(dashboard)/coupons/page.tsx	7735	1770690739162612327	
app/admin/(dashboard)/customers/[phone]/page.tsx	7141	1770691034024654102	
app/admin/(dashboard)/customers/page.tsx	6972	1770691004776847480	
app/admin/(dashboard)/dashboard/page.tsx	6636	1770688657420099407	
app/admin/(dashboard)/layout.tsx	801	1770691302034854291	
app/admin/(dashboard)/orders/[id]/page.tsx	1669	1770858698089979224	
app/admin/(dashboard)/orders/page.tsx	14721	1770691201187526748	
app/admin/(dashboard)/settings/page.tsx	20290	1776780279507783750	
app/admin/(dashboard)/subscribers/page.tsx	10347	1770989389583548607	
app/admin/(dashboard)/users/page.tsx	9013	1770691272531053283	
app/admin/layout.tsx	429	1781123583670883946	
app/admin/login/page.tsx	3398	1776693836569657964	
app/admin/page.tsx	117	1764084517914761365	
app/api/admin/analytics/route.ts	9794	1770690121986631540	
app/api/admin/auth/login/route.ts	2223	1776693830845780210	
app/api/admin/auth/logout/route.ts	252	1764084089839324007	
app/api/admin/auth/me/route.ts	432	1764084095387268352	
app/api/admin/content/blocks/[id]/route.ts	3123	1776781738551516726	
app/api/admin/content/blocks/route.ts	2304	1776781738395516764	
app/api/admin/content/pages/[id]/route.ts	3381	1776781738087516838	
app/api/admin/content/pages/[id]/sections/[sectionId]/route.ts	1035	1770677538305453786	
app/api/admin/content/pages/[id]/sections/route.ts	3568	1776781738235516803	
app/api/admin/content/pages/route.ts	2811	1776781737943516874	
app/api/admin/content/products/[id]/route.ts	3108	1776781738871516647	
app/api/admin/content/products/route.ts	1750	1776781738703516688	
app/api/admin/coupons/[id]/route.ts	3784	1770690685915003104	
app/api/admin/coupons/route.ts	3744	1770691617128724821	
app/api/admin/customers/[phone]/route.ts	1757	1770690973057071871	
app/api/admin/customers/route.ts	2487	1770690957729162240	
app/api/admin/dashboard/stats/route.ts	7427	1770677638253194654	
app/api/admin/orders/[id]/payment-proof/route.ts	1359	1780506351962060942	
app/api/admin/orders/[id]/resend-email/route.ts	3661	1770677672945805284	
app/api/admin/orders/[id]/route.ts	5827	1770858685526071721	
app/api/admin/orders/[id]/ship/route.ts	4625	1770686522829507875	
app/api/admin/orders/[id]/verify/route.ts	3793	1770677695801949432	
app/api/admin/orders/bulk/route.ts	2720	1770691121808064203	
app/api/admin/orders/route.ts	2781	1770677649705168566	
app/api/admin/settings/route.ts	2082	1776780196963820135	
app/api/admin/setup/route.ts	3868	1776693811746190487	
app/api/admin/subscribers/[id]/route.ts	2157	1770690495212233297	
app/api/admin/subscribers/route.ts	2707	1770989475742972540	
app/api/admin/users/[id]/route.ts	1898	1770677615377260969	
app/api/admin/users/route.ts	3675	1770677593005320026	
app/api/coupons/validate/route.ts	1192	1776780229803799024	
app/api/orders/[orderNumber]/payment-proof/route.ts	3541	1780507217881884934	
app/api/orders/route.ts	9943	1776780836747681676	
app/api/subscribe/route.ts	2541	1770946962196890439	
app/api/track/route.ts	2940	1781929746486476384	
app/api/webhooks/zaraz/route.ts	1437	1770677720604943512	
app/favicon.ico/route.ts	159	1776782521283404006	
app/globals.css	20463	1781881255720981304	
app/robots.ts	386	1776760399451901232	
app/sitemap.ts	1644	1776760541384938134	
components.json	426	1770667685632091631	
components/admin/analytics-charts.tsx	9939	1770690150090437618	
components/admin/breadcrumbs.tsx	3521	1770854709053784884	
components/admin/confirm-dialog.tsx	6364	1770688830014986460	
components/admin/data-table.tsx	9019	1770687879057122534	
components/admin/form-fields.tsx	28318	1781881795140744841	
components/admin/image-picker.tsx	6262	1770845782636333629	
components/admin/order-detail.tsx	23417	1780506909418005615	
components/admin/orders-table.tsx	6441	1764084298313091631	
components/admin/providers.tsx	677	1770688896818562443	
components/admin/rich-text-editor.tsx	6430	1770855799010212480	
components/admin/sidebar.tsx	5840	1770691325146693415	
components/admin/stats-cards.tsx	2409	1770682317524338806	
components/catalog/order-bump.tsx	5628	1781872526092427026	
components/catalog/product-card.tsx	9041	1782298210861765823	
components/catalog/product-grid.tsx	1907	1782298211093764027	
components/catalog/sticky-add-bar.tsx	6959	1782041817773511094	
components/homepage/animated-counter.tsx	1079	1776696516092575955	
components/homepage/formula-story-section.tsx	4866	1776696516156575045	
components/homepage/homepage-sections.tsx	35040	1782297368592632363	
components/homepage/testimonials-marquee.tsx	4553	1782297567378743940	
components/homepage/types.ts	229	1776696516028576866	
components/landing/advert-final-cta.tsx	3385	1771629571224727881	
components/landing/advert-sticky-bar.tsx	1913	1771629571204728033	
components/landing/advert-urgency-banner.tsx	1024	1771629571216727941	
components/landing/article-body-section.tsx	12918	1771636007574424711	
components/landing/before-after-section.tsx	14710	1781925843554378788	
components/landing/benefits-section.tsx	3131	1781885556124747151	
components/landing/checkout-form.tsx	30385	1780507030753974287	
components/landing/clinical-stats-section.tsx	6123	1782015880413737365	
components/landing/comparison-section.tsx	32501	1782041825913871731	
components/landing/cross-sell-section.tsx	3102	1781248289529948013	
components/landing/faq-section.tsx	6863	1781933439025231228	
components/landing/featured-categories-section.tsx	4057	1771633689935261293	
components/landing/featured-products-section.tsx	3245	1771629571212727973	
components/landing/final-cta-section.tsx	9259	1781340476052809371	
components/landing/guarantee-section.tsx	9946	1781932589245846128	
components/landing/hero-section.tsx	10137	1771635611453335820	
components/landing/image-story-section.tsx	118653	1781933602789920628	
components/landing/ingredients-section.tsx	21611	1781999928273180604	
components/landing/lp-cta.tsx	7248	1771635612177329813	
components/landing/lp-education.tsx	5747	1771629571212727973	
components/landing/lp-faq.tsx	3275	1781878229684631814	
components/landing/lp-hero.tsx	7833	1776780532347743201	
components/landing/lp-how-it-works.tsx	5743	1781885495557584778	
components/landing/lp-results.tsx	5621	1771629571212727973	
components/landing/lp-reviews.tsx	3850	1781885504076565245	
components/landing/policy-content-section.tsx	4948	1781125742551190398	
components/landing/pricing-section.tsx	18697	1780965409141985171	
components/landing/problem-section.tsx	7269	1781883813963805363	
components/landing/product-hero-section.tsx	80450	1782040388608734386	
components/landing/promo-banner.tsx	1739	1776781031695644466	
components/landing/related-products-section.tsx	5875	1781931823395753531	
components/landing/results-timeline-section.tsx	20544	1781885522278090600	
components/landing/social-proof-bar.tsx	2007	1771631070358038058	
components/landing/solution-section.tsx	10360	1781883802805255465	
components/landing/testimonials-section.tsx	28306	1782041228892254245	
components/landing/video-section.tsx	3226	1771629571220727910	
components/seo/json-ld.tsx	316	1776779089783972961	
components/shared/back-to-top.tsx	1243	1780955992110414326	
components/shared/cart-drawer.tsx	15713	1781208679375486932	
components/shared/exit-intent-popup.tsx	10884	1776889243203846357	
components/shared/footer.tsx	6472	1781023019980397283	
components/shared/header.tsx	17003	1782023798510103355	
components/shared/policy-layout.tsx	3284	1781125822362797066	
components/shared/trust-icon-image.tsx	921	1777820189564159936	
components/shared/trust-proof-strip.tsx	2216	1781300630112039557	
components/shared/whatsapp-button.tsx	4843	1782235378828951951	
components/ui/accordion.tsx	3621	1781878199682303358	
components/ui/alert-dialog.tsx	4434	1770688876462695908	
components/ui/badge.tsx	1087	1770667779635438424	
components/ui/button.tsx	2045	1770689000297898432	
components/ui/card.tsx	1763	1770667792135345099	
components/ui/checkbox.tsx	1031	1770846719266655306	
components/ui/collapsible.tsx	333	1781921156922290756	
components/ui/command.tsx	4845	1770846700002773053	
components/ui/dialog.tsx	3869	1764076772245764316	
components/ui/dropdown-menu.tsx	7234	1770667761799565504	
components/ui/input.tsx	850	1764076771173775893	
components/ui/label.tsx	732	1764076771377773689	
components/ui/luxury/index.tsx	4956	1781885545631637952	
components/ui/luxury/luxury-section.tsx	1869	1781881596794035096	
components/ui/popover.tsx	1305	1770846685210863642	
components/ui/progress.tsx	793	1770846714646683399	
components/ui/radio-group.tsx	1492	1764076771757769586	
components/ui/select.tsx	5651	1764076771577771531	
components/ui/separator.tsx	731	1770667800219293787	
components/ui/sheet.tsx	3900	1770846712262697957	
components/ui/skeleton.tsx	266	1770846716010675070	
components/ui/switch.tsx	1154	1770667721879846515	
components/ui/tabs.tsx	1902	1770667712895885453	
components/ui/textarea.tsx	644	1770667769035503469	
drizzle.config.ts	252	1776694466956004076	
lib/admin-api.ts	1913	1770687849373319190	
lib/auth.ts	5832	1776693798218478255	
lib/block-fields.ts	8044	1781374203223336965	
lib/cart-store.ts	5855	1781234101995478029	
lib/checkout-config.ts	5956	1780506350038060495	
lib/constants.ts	4820	1776781813971506486	
lib/content.ts	12658	1781983875330278159	
lib/coupons.ts	2464	1776780152055807662	
lib/db/index.ts	1713	1770685786681749941	
lib/db/schema.ts	20218	1781981924843686365	
lib/email.ts	24105	1776780738679690737	
lib/env.ts	392	1776693746623591185	
lib/fonts.ts	747	1781123458739612646	
lib/homepage-view-model.ts	18859	1782260092008241248	
lib/hooks/use-unsaved-changes.ts	1601	1770846742074515756	
lib/i18n.ts	2299	1771645427962489455	
lib/ingredient-icons.ts	2032	1771038457972440061	
lib/json.ts	390	1776780151831807169	
lib/language.ts	663	1770600201892559172	
lib/page-sections.ts	6137	1781981930692560180	
lib/section-fields.ts	48110	1782234567367294927	
lib/seo.ts	1102	1776760671334234343	
lib/store-settings.server.ts	651	1776780151983807500	
lib/store-settings.ts	5510	1776780151911807345	
lib/structured-data.ts	3134	1782041254819782510	
lib/trust-proof.ts	1761	1777820177036290456	
lib/utils.ts	5712	1781883615810014866	
lib/validations/admin.ts	2749	1770690646479259011	
lib/validators.ts	4167	1770995123384591761	
lib/zaraz.ts	11247	1770995978134733944	
next.config.ts	344	1776693751503486567	
open-next.config.ts	256	1770677376425870760	
postcss.config.mjs	146	1764076417493644600	
tailwind.config.js	739	1781883040089390838	
wrangler.toml	1998	1783174683018142025	
